<?xml version="1.0" encoding="utf-8" ?>
<dwsync>
<file name="admin_auth.php" server="23.229.204.232/public_html/development/" local="130602724826372470" remote="130602395400000000" Dst="0" />
<file name="auth.php" server="23.229.204.232/public_html/development/" local="130602724826482476" remote="130602395400000000" Dst="0" />
<file name="admin_auth.php" server="148.251.2.43/public_html/development/" local="130602724840000000" remote="130650276600000000" Dst="0" />
<file name="auth.php" server="148.251.2.43/public_html/development/" local="130602724840000000" remote="130650276600000000" Dst="0" />
<file name="admin_auth.php" server="148.251.2.43/public_html/" local="130602724840000000" remote="130656301800000000" Dst="0" />
<file name="auth.php" server="148.251.2.43/public_html/" local="130602724840000000" remote="130656301800000000" Dst="0" />
<file name="admin_auth.php" server="192.186.246.118/public_html/installify/" local="130602724840000000" remote="130969669200000000" Dst="0" />
<file name="auth.php" server="192.186.246.118/public_html/installify/" local="130970030269534516" remote="130969669200000000" Dst="0" />
</dwsync>